country_name,year,Male_Migrants,Female_Migrants,Total_Migrants,continent,Country_Flag
Afghanistan,2020,451,113,564,Asia,ğŸ‡¦ğŸ‡«
Afghanistan,2021,215,89,304,Asia,ğŸ‡¦ğŸ‡«
Afghanistan,2022,634,231,865,Asia,ğŸ‡¦ğŸ‡«
Afghanistan,2023,514,170,684,Asia,ğŸ‡¦ğŸ‡«
Afghanistan,2024,287,96,383,Asia,ğŸ‡¦ğŸ‡«
Albania,2020,106,91,197,Europe,ğŸ‡¦ğŸ‡±
Albania,2021,10,5,15,Europe,ğŸ‡¦ğŸ‡±
Albania,2022,224,126,350,Europe,ğŸ‡¦ğŸ‡±
Albania,2023,422,205,627,Europe,ğŸ‡¦ğŸ‡±
Albania,2024,243,176,419,Europe,ğŸ‡¦ğŸ‡±
Algeria,2020,1517,575,2092,Africa,ğŸ‡©ğŸ‡¿
Algeria,2021,103,55,158,Africa,ğŸ‡©ğŸ‡¿
Algeria,2022,2336,1364,3700,Africa,ğŸ‡©ğŸ‡¿
Algeria,2023,7103,4711,11814,Africa,ğŸ‡©ğŸ‡¿
Algeria,2024,4057,2483,6540,Africa,ğŸ‡©ğŸ‡¿
Andorra,2020,9,6,15,Europe,ğŸ‡¦ğŸ‡©
Andorra,2021,0,0,0,Europe,ğŸ‡¦ğŸ‡©
Andorra,2022,17,19,36,Europe,ğŸ‡¦ğŸ‡©
Andorra,2023,47,41,88,Europe,ğŸ‡¦ğŸ‡©
Andorra,2024,51,34,85,Europe,ğŸ‡¦ğŸ‡©
Angola,2020,12,6,18,Africa,ğŸ‡¦ğŸ‡´
Angola,2021,3,1,4,Africa,ğŸ‡¦ğŸ‡´
Angola,2022,24,11,35,Africa,ğŸ‡¦ğŸ‡´
Angola,2023,60,18,78,Africa,ğŸ‡¦ğŸ‡´
Angola,2024,24,13,37,Africa,ğŸ‡¦ğŸ‡´
Anguilla,2020,0,0,0,North America,ğŸ‡¦ğŸ‡®
Anguilla,2021,0,0,0,North America,ğŸ‡¦ğŸ‡®
Anguilla,2022,1,0,1,North America,ğŸ‡¦ğŸ‡®
Anguilla,2023,1,0,1,North America,ğŸ‡¦ğŸ‡®
Anguilla,2024,1,2,3,North America,ğŸ‡¦ğŸ‡®
Antarctica,2020,0,1,1,,ğŸ‡¦ğŸ‡¶
Antarctica,2021,0,0,0,,ğŸ‡¦ğŸ‡¶
Antarctica,2022,1,1,2,,ğŸ‡¦ğŸ‡¶
Antarctica,2023,1,1,2,,ğŸ‡¦ğŸ‡¶
Antarctica,2024,1,0,1,,ğŸ‡¦ğŸ‡¶
Antigua and Barbuda,2020,30,19,49,North America,ğŸ‡¦ğŸ‡¬
Antigua and Barbuda,2021,1,1,2,North America,ğŸ‡¦ğŸ‡¬
Antigua and Barbuda,2022,89,51,140,North America,ğŸ‡¦ğŸ‡¬
Antigua and Barbuda,2023,186,90,276,North America,ğŸ‡¦ğŸ‡¬
Antigua and Barbuda,2024,83,53,136,North America,ğŸ‡¦ğŸ‡¬
Argentina,2020,1487,1336,2823,South America,ğŸ‡¦ğŸ‡·
Argentina,2021,59,38,97,South America,ğŸ‡¦ğŸ‡·
Argentina,2022,1412,1020,2432,South America,ğŸ‡¦ğŸ‡·
Argentina,2023,3345,2817,6162,South America,ğŸ‡¦ğŸ‡·
Argentina,2024,2578,2493,5071,South America,ğŸ‡¦ğŸ‡·
Armenia,2020,77,107,184,Asia,ğŸ‡¦ğŸ‡²
Armenia,2021,3,5,8,Asia,ğŸ‡¦ğŸ‡²
Armenia,2022,122,136,258,Asia,ğŸ‡¦ğŸ‡²
Armenia,2023,460,639,1099,Asia,ğŸ‡¦ğŸ‡²
Armenia,2024,274,391,665,Asia,ğŸ‡¦ğŸ‡²
Aruba,2020,0,0,0,North America,ğŸ‡¦ğŸ‡¼
Aruba,2021,0,0,0,North America,ğŸ‡¦ğŸ‡¼
Aruba,2022,0,2,2,North America,ğŸ‡¦ğŸ‡¼
Aruba,2023,0,0,0,North America,ğŸ‡¦ğŸ‡¼
Australia,2020,49523,35625,85148,Oceania,ğŸ‡¦ğŸ‡º
Australia,2021,1234,666,1900,Oceania,ğŸ‡¦ğŸ‡º
Australia,2022,105118,74257,179375,Oceania,ğŸ‡¦ğŸ‡º
Australia,2023,232754,176342,409096,Oceania,ğŸ‡¦ğŸ‡º
Australia,2024,144192,110216,254408,Oceania,ğŸ‡¦ğŸ‡º
Austria,2020,2361,1415,3776,Europe,ğŸ‡¦ğŸ‡¹
Austria,2021,180,47,227,Europe,ğŸ‡¦ğŸ‡¹
Austria,2022,4620,2406,7026,Europe,ğŸ‡¦ğŸ‡¹
Austria,2023,8831,5527,14358,Europe,ğŸ‡¦ğŸ‡¹
Austria,2024,6053,3949,10002,Europe,ğŸ‡¦ğŸ‡¹
Azerbaijan,2020,195,127,322,Asia,ğŸ‡¦ğŸ‡¿
Azerbaijan,2021,26,17,43,Asia,ğŸ‡¦ğŸ‡¿
Azerbaijan,2022,372,273,645,Asia,ğŸ‡¦ğŸ‡¿
Azerbaijan,2023,938,774,1712,Asia,ğŸ‡¦ğŸ‡¿
Azerbaijan,2024,760,721,1481,Asia,ğŸ‡¦ğŸ‡¿
Bahamas,2020,8,6,14,North America,ğŸ‡§ğŸ‡¸
Bahamas,2021,0,0,0,North America,ğŸ‡§ğŸ‡¸
Bahamas,2022,20,30,50,North America,ğŸ‡§ğŸ‡¸
Bahamas,2023,66,53,119,North America,ğŸ‡§ğŸ‡¸
Bahamas,2024,32,33,65,North America,ğŸ‡§ğŸ‡¸
Bahrain,2020,355,240,595,Asia,ğŸ‡§ğŸ‡­
Bahrain,2021,17,10,27,Asia,ğŸ‡§ğŸ‡­
Bahrain,2022,763,586,1349,Asia,ğŸ‡§ğŸ‡­
Bahrain,2023,1520,1260,2780,Asia,ğŸ‡§ğŸ‡­
Bahrain,2024,893,784,1677,Asia,ğŸ‡§ğŸ‡­
Bangladesh,2020,50624,7046,57670,Asia,ğŸ‡§ğŸ‡©
Bangladesh,2021,7267,794,8061,Asia,ğŸ‡§ğŸ‡©
Bangladesh,2022,222698,16446,239144,Asia,ğŸ‡§ğŸ‡©
Bangladesh,2023,606390,29155,635545,Asia,ğŸ‡§ğŸ‡©
Bangladesh,2024,226418,20435,246853,Asia,ğŸ‡§ğŸ‡©
Barbados,2020,6,15,21,North America,ğŸ‡§ğŸ‡§
Barbados,2021,4,1,5,North America,ğŸ‡§ğŸ‡§
Barbados,2022,25,26,51,North America,ğŸ‡§ğŸ‡§
Barbados,2023,45,44,89,North America,ğŸ‡§ğŸ‡§
Barbados,2024,33,42,75,North America,ğŸ‡§ğŸ‡§
Belarus,2020,579,680,1259,Europe,ğŸ‡§ğŸ‡¾
Belarus,2021,8,4,12,Europe,ğŸ‡§ğŸ‡¾
Belarus,2022,644,716,1360,Europe,ğŸ‡§ğŸ‡¾
Belarus,2023,2398,2718,5116,Europe,ğŸ‡§ğŸ‡¾
Belarus,2024,1709,2006,3715,Europe,ğŸ‡§ğŸ‡¾
Belgium,2020,2930,1561,4491,Europe,ğŸ‡§ğŸ‡ª
Belgium,2021,183,67,250,Europe,ğŸ‡§ğŸ‡ª
Belgium,2022,5784,3362,9146,Europe,ğŸ‡§ğŸ‡ª
Belgium,2023,12532,8488,21020,Europe,ğŸ‡§ğŸ‡ª
Belgium,2024,9903,7486,17389,Europe,ğŸ‡§ğŸ‡ª
Belize,2020,12,9,21,North America,ğŸ‡§ğŸ‡¿
Belize,2021,2,4,6,North America,ğŸ‡§ğŸ‡¿
Belize,2022,24,27,51,North America,ğŸ‡§ğŸ‡¿
Belize,2023,73,67,140,North America,ğŸ‡§ğŸ‡¿
Belize,2024,42,32,74,North America,ğŸ‡§ğŸ‡¿
Benin,2020,10,6,16,Africa,ğŸ‡§ğŸ‡¯
Benin,2021,2,0,2,Africa,ğŸ‡§ğŸ‡¯
Benin,2022,47,17,64,Africa,ğŸ‡§ğŸ‡¯
Benin,2023,114,45,159,Africa,ğŸ‡§ğŸ‡¯
Benin,2024,63,25,88,Africa,ğŸ‡§ğŸ‡¯
Bermuda,2020,0,0,0,North America,ğŸ‡§ğŸ‡²
Bermuda,2021,0,0,0,North America,ğŸ‡§ğŸ‡²
Bermuda,2022,0,0,0,North America,ğŸ‡§ğŸ‡²
Bermuda,2023,0,1,1,North America,ğŸ‡§ğŸ‡²
Bermuda,2024,0,3,3,North America,ğŸ‡§ğŸ‡²
Bhutan,2020,92,42,134,Asia,ğŸ‡§ğŸ‡¹
Bhutan,2021,13,4,17,Asia,ğŸ‡§ğŸ‡¹
Bhutan,2022,199,135,334,Asia,ğŸ‡§ğŸ‡¹
Bhutan,2023,456,217,673,Asia,ğŸ‡§ğŸ‡¹
Bhutan,2024,393,225,618,Asia,ğŸ‡§ğŸ‡¹
Bolivia,2020,37,37,74,South America,ğŸ³ï¸
Bolivia,2021,1,1,2,South America,ğŸ³ï¸
Bolivia,2022,103,73,176,South America,ğŸ³ï¸
Bolivia,2023,342,281,623,South America,ğŸ³ï¸
Bolivia,2024,107,95,202,South America,ğŸ³ï¸
Bosnia and Herzegovina,2020,136,103,239,Europe,ğŸ‡§ğŸ‡¦
Bosnia and Herzegovina,2021,30,26,56,Europe,ğŸ‡§ğŸ‡¦
Bosnia and Herzegovina,2022,251,156,407,Europe,ğŸ‡§ğŸ‡¦
Bosnia and Herzegovina,2023,474,330,804,Europe,ğŸ‡§ğŸ‡¦
Bosnia and Herzegovina,2024,375,250,625,Europe,ğŸ‡§ğŸ‡¦
Botswana,2020,25,30,55,Africa,ğŸ‡§ğŸ‡¼
Botswana,2021,6,3,9,Africa,ğŸ‡§ğŸ‡¼
Botswana,2022,65,59,124,Africa,ğŸ‡§ğŸ‡¼
Botswana,2023,92,138,230,Africa,ğŸ‡§ğŸ‡¼
Botswana,2024,49,60,109,Africa,ğŸ‡§ğŸ‡¼
Bouvet Island,2023,0,1,1,Antarctica,ğŸ‡§ğŸ‡»
Brazil,2020,2318,1826,4144,South America,ğŸ‡§ğŸ‡·
Brazil,2021,203,101,304,South America,ğŸ‡§ğŸ‡·
Brazil,2022,4022,2952,6974,South America,ğŸ‡§ğŸ‡·
Brazil,2023,8594,6545,15139,South America,ğŸ‡§ğŸ‡·
Brazil,2024,5868,4691,10559,South America,ğŸ‡§ğŸ‡·
British Indian Ocean Territory,2020,0,0,0,Asia,ğŸ‡®ğŸ‡´
British Indian Ocean Territory,2021,0,0,0,Asia,ğŸ‡®ğŸ‡´
British Indian Ocean Territory,2022,2,0,2,Asia,ğŸ‡®ğŸ‡´
British Indian Ocean Territory,2023,0,5,5,Asia,ğŸ‡®ğŸ‡´
British Indian Ocean Territory,2024,1,2,3,Asia,ğŸ‡®ğŸ‡´
Brunei Darussalam,2020,109821,77967,187788,Asia,ğŸ‡§ğŸ‡³
Brunei Darussalam,2021,3933,229,4162,Asia,ğŸ‡§ğŸ‡³
Brunei Darussalam,2022,213580,184711,398291,Asia,ğŸ‡§ğŸ‡³
Brunei Darussalam,2023,608665,504560,1113225,Asia,ğŸ‡§ğŸ‡³
Brunei Darussalam,2024,554300,481902,1036202,Asia,ğŸ‡§ğŸ‡³
Bulgaria,2020,816,581,1397,Europe,ğŸ‡§ğŸ‡¬
Bulgaria,2021,135,12,147,Europe,ğŸ‡§ğŸ‡¬
Bulgaria,2022,926,633,1559,Europe,ğŸ‡§ğŸ‡¬
Bulgaria,2023,1971,1659,3630,Europe,ğŸ‡§ğŸ‡¬
Bulgaria,2024,1647,1458,3105,Europe,ğŸ‡§ğŸ‡¬
Burkina Faso,2020,13,0,13,Africa,ğŸ‡§ğŸ‡«
Burkina Faso,2021,1,1,2,Africa,ğŸ‡§ğŸ‡«
Burkina Faso,2022,34,8,42,Africa,ğŸ‡§ğŸ‡«
Burkina Faso,2023,82,10,92,Africa,ğŸ‡§ğŸ‡«
Burkina Faso,2024,56,11,67,Africa,ğŸ‡§ğŸ‡«
Burundi,2020,3,1,4,Africa,ğŸ‡§ğŸ‡®
Burundi,2021,5,7,12,Africa,ğŸ‡§ğŸ‡®
Burundi,2022,19,12,31,Africa,ğŸ‡§ğŸ‡®
Burundi,2023,32,50,82,Africa,ğŸ‡§ğŸ‡®
Burundi,2024,29,13,42,Africa,ğŸ‡§ğŸ‡®
Cabo Verde,2020,8,3,11,Africa,ğŸ‡¨ğŸ‡»
Cabo Verde,2021,0,0,0,Africa,ğŸ‡¨ğŸ‡»
Cabo Verde,2022,12,11,23,Africa,ğŸ‡¨ğŸ‡»
Cabo Verde,2023,15,17,32,Africa,ğŸ‡¨ğŸ‡»
Cabo Verde,2024,10,9,19,Africa,ğŸ‡¨ğŸ‡»
Cambodia,2020,11111,9599,20710,Asia,ğŸ‡°ğŸ‡­
Cambodia,2021,325,78,403,Asia,ğŸ‡°ğŸ‡­
Cambodia,2022,25568,23763,49331,Asia,ğŸ‡°ğŸ‡­
Cambodia,2023,46908,49736,96644,Asia,ğŸ‡°ğŸ‡­
Cambodia,2024,25620,24511,50131,Asia,ğŸ‡°ğŸ‡­
Cameroon,2020,57,26,83,Africa,ğŸ‡¨ğŸ‡²
Cameroon,2021,16,9,25,Africa,ğŸ‡¨ğŸ‡²
Cameroon,2022,134,57,191,Africa,ğŸ‡¨ğŸ‡²
Cameroon,2023,257,103,360,Africa,ğŸ‡¨ğŸ‡²
Cameroon,2024,141,83,224,Africa,ğŸ‡¨ğŸ‡²
Canada,2020,11413,8161,19574,North America,ğŸ‡¨ğŸ‡¦
Canada,2021,527,277,804,North America,ğŸ‡¨ğŸ‡¦
Canada,2022,21673,14737,36410,North America,ğŸ‡¨ğŸ‡¦
Canada,2023,47896,36872,84768,North America,ğŸ‡¨ğŸ‡¦
Canada,2024,32634,25722,58356,North America,ğŸ‡¨ğŸ‡¦
Central African Republic,2020,1,0,1,Africa,ğŸ‡¨ğŸ‡«
Central African Republic,2021,2,0,2,Africa,ğŸ‡¨ğŸ‡«
Central African Republic,2022,1,0,1,Africa,ğŸ‡¨ğŸ‡«
Central African Republic,2023,4,4,8,Africa,ğŸ‡¨ğŸ‡«
Central African Republic,2024,1,0,1,Africa,ğŸ‡¨ğŸ‡«
Chad,2020,49,10,59,Africa,ğŸ‡¹ğŸ‡©
Chad,2021,17,2,19,Africa,ğŸ‡¹ğŸ‡©
Chad,2022,111,33,144,Africa,ğŸ‡¹ğŸ‡©
Chad,2023,270,75,345,Africa,ğŸ‡¹ğŸ‡©
Chad,2024,180,53,233,Africa,ğŸ‡¹ğŸ‡©
Chile,2020,644,674,1318,South America,ğŸ‡¨ğŸ‡±
Chile,2021,21,16,37,South America,ğŸ‡¨ğŸ‡±
Chile,2022,705,546,1251,South America,ğŸ‡¨ğŸ‡±
Chile,2023,1804,1706,3510,South America,ğŸ‡¨ğŸ‡±
Chile,2024,1563,1588,3151,South America,ğŸ‡¨ğŸ‡±
China,2020,189445,205368,394813,Asia,ğŸ‡¨ğŸ‡³
China,2021,12351,3204,15555,Asia,ğŸ‡¨ğŸ‡³
China,2022,144543,149768,294311,Asia,ğŸ‡¨ğŸ‡³
China,2023,810789,850930,1661719,Asia,ğŸ‡¨ğŸ‡³
China,2024,979053,1124657,2103710,Asia,ğŸ‡¨ğŸ‡³
Cocos (Keeling) Islands,2020,0,0,0,Asia,ğŸ‡¨ğŸ‡¨
Cocos (Keeling) Islands,2021,0,0,0,Asia,ğŸ‡¨ğŸ‡¨
Cocos (Keeling) Islands,2022,2,0,2,Asia,ğŸ‡¨ğŸ‡¨
Cocos (Keeling) Islands,2023,0,0,0,Asia,ğŸ‡¨ğŸ‡¨
Cocos (Keeling) Islands,2024,0,1,1,Asia,ğŸ‡¨ğŸ‡¨
Colombia,2020,234,220,454,South America,ğŸ‡¨ğŸ‡´
Colombia,2021,38,38,76,South America,ğŸ‡¨ğŸ‡´
Colombia,2022,641,606,1247,South America,ğŸ‡¨ğŸ‡´
Colombia,2023,1496,1363,2859,South America,ğŸ‡¨ğŸ‡´
Colombia,2024,993,935,1928,South America,ğŸ‡¨ğŸ‡´
Comoros,2020,34,15,49,Africa,ğŸ‡°ğŸ‡²
Comoros,2021,15,9,24,Africa,ğŸ‡°ğŸ‡²
Comoros,2022,64,42,106,Africa,ğŸ‡°ğŸ‡²
Comoros,2023,143,106,249,Africa,ğŸ‡°ğŸ‡²
Comoros,2024,89,62,151,Africa,ğŸ‡°ğŸ‡²
Congo Republic,2020,4,3,7,Africa,ğŸ³ï¸
Congo Republic,2021,1,0,1,Africa,ğŸ³ï¸
Congo Republic,2022,13,3,16,Africa,ğŸ³ï¸
Congo Republic,2023,39,16,55,Africa,ğŸ³ï¸
Congo Republic,2024,16,7,23,Africa,ğŸ³ï¸
Cook Islands,2020,0,0,0,Oceania,ğŸ‡¨ğŸ‡°
Cook Islands,2021,0,0,0,Oceania,ğŸ‡¨ğŸ‡°
Cook Islands,2022,0,0,0,Oceania,ğŸ‡¨ğŸ‡°
Cook Islands,2023,1,0,1,Oceania,ğŸ‡¨ğŸ‡°
Costa Rica,2020,120,72,192,North America,ğŸ‡¨ğŸ‡·
Costa Rica,2021,61,30,91,North America,ğŸ‡¨ğŸ‡·
Costa Rica,2022,242,207,449,North America,ğŸ‡¨ğŸ‡·
Costa Rica,2023,540,382,922,North America,ğŸ‡¨ğŸ‡·
Costa Rica,2024,374,307,681,North America,ğŸ‡¨ğŸ‡·
Cote d'Ivoire,2020,44,15,59,Africa,ğŸ³ï¸
Cote d'Ivoire,2021,9,3,12,Africa,ğŸ³ï¸
Cote d'Ivoire,2022,128,54,182,Africa,ğŸ³ï¸
Cote d'Ivoire,2023,220,86,306,Africa,ğŸ³ï¸
Cote d'Ivoire,2024,95,57,152,Africa,ğŸ³ï¸
Croatia,2020,706,295,1001,Europe,ğŸ‡­ğŸ‡·
Croatia,2021,325,16,341,Europe,ğŸ‡­ğŸ‡·
Croatia,2022,935,335,1270,Europe,ğŸ‡­ğŸ‡·
Croatia,2023,1827,976,2803,Europe,ğŸ‡­ğŸ‡·
Croatia,2024,1275,772,2047,Europe,ğŸ‡­ğŸ‡·
Cuba,2020,60,37,97,North America,ğŸ‡¨ğŸ‡º
Cuba,2021,2,2,4,North America,ğŸ‡¨ğŸ‡º
Cuba,2022,126,86,212,North America,ğŸ‡¨ğŸ‡º
Cuba,2023,189,144,333,North America,ğŸ‡¨ğŸ‡º
Cuba,2024,131,109,240,North America,ğŸ‡¨ğŸ‡º
Cyprus,2020,112,75,187,Asia,ğŸ‡¨ğŸ‡¾
Cyprus,2021,6,2,8,Asia,ğŸ‡¨ğŸ‡¾
Cyprus,2022,323,164,487,Asia,ğŸ‡¨ğŸ‡¾
Cyprus,2023,693,413,1106,Asia,ğŸ‡¨ğŸ‡¾
Cyprus,2024,432,245,677,Asia,ğŸ‡¨ğŸ‡¾
Czechia,2020,2619,2155,4774,Europe,ğŸ‡¨ğŸ‡¿
Czechia,2021,67,21,88,Europe,ğŸ‡¨ğŸ‡¿
Czechia,2022,2329,1573,3902,Europe,ğŸ‡¨ğŸ‡¿
Czechia,2023,5560,4168,9728,Europe,ğŸ‡¨ğŸ‡¿
Czechia,2024,4407,3667,8074,Europe,ğŸ‡¨ğŸ‡¿
DR Congo,2020,20,12,32,Africa,ğŸ³ï¸
DR Congo,2021,10,5,15,Africa,ğŸ³ï¸
DR Congo,2022,50,19,69,Africa,ğŸ³ï¸
DR Congo,2023,125,46,171,Africa,ğŸ³ï¸
DR Congo,2024,108,50,158,Africa,ğŸ³ï¸
Denmark,2020,3927,2884,6811,Europe,ğŸ‡©ğŸ‡°
Denmark,2021,266,65,331,Europe,ğŸ‡©ğŸ‡°
Denmark,2022,5881,3409,9290,Europe,ğŸ‡©ğŸ‡°
Denmark,2023,11497,7583,19080,Europe,ğŸ‡©ğŸ‡°
Denmark,2024,8552,6334,14886,Europe,ğŸ‡©ğŸ‡°
Djibouti,2020,20,19,39,Africa,ğŸ‡©ğŸ‡¯
Djibouti,2021,20,31,51,Africa,ğŸ‡©ğŸ‡¯
Djibouti,2022,77,45,122,Africa,ğŸ‡©ğŸ‡¯
Djibouti,2023,83,59,142,Africa,ğŸ‡©ğŸ‡¯
Djibouti,2024,53,39,92,Africa,ğŸ‡©ğŸ‡¯
Dominica,2020,95,22,117,North America,ğŸ‡©ğŸ‡²
Dominica,2021,14,6,20,North America,ğŸ‡©ğŸ‡²
Dominica,2022,199,49,248,North America,ğŸ‡©ğŸ‡²
Dominica,2023,471,134,605,North America,ğŸ‡©ğŸ‡²
Dominica,2024,335,134,469,North America,ğŸ‡©ğŸ‡²
Dominican Republic,2020,41,24,65,North America,ğŸ‡©ğŸ‡´
Dominican Republic,2021,1,0,1,North America,ğŸ‡©ğŸ‡´
Dominican Republic,2022,65,62,127,North America,ğŸ‡©ğŸ‡´
Dominican Republic,2023,203,190,393,North America,ğŸ‡©ğŸ‡´
Dominican Republic,2024,74,82,156,North America,ğŸ‡©ğŸ‡´
Ecuador,2020,97,109,206,South America,ğŸ‡ªğŸ‡¨
Ecuador,2021,7,1,8,South America,ğŸ‡ªğŸ‡¨
Ecuador,2022,230,227,457,South America,ğŸ‡ªğŸ‡¨
Ecuador,2023,516,524,1040,South America,ğŸ‡ªğŸ‡¨
Ecuador,2024,333,373,706,South America,ğŸ‡ªğŸ‡¨
Egypt,2020,4694,2257,6951,Africa,ğŸ‡ªğŸ‡¬
Egypt,2021,975,314,1289,Africa,ğŸ‡ªğŸ‡¬
Egypt,2022,9667,4665,14332,Africa,ğŸ‡ªğŸ‡¬
Egypt,2023,17746,7923,25669,Africa,ğŸ‡ªğŸ‡¬
Egypt,2024,10604,5096,15700,Africa,ğŸ‡ªğŸ‡¬
El Salvador,2020,23,31,54,North America,ğŸ‡¸ğŸ‡»
El Salvador,2021,1,1,2,North America,ğŸ‡¸ğŸ‡»
El Salvador,2022,47,35,82,North America,ğŸ‡¸ğŸ‡»
El Salvador,2023,137,113,250,North America,ğŸ‡¸ğŸ‡»
El Salvador,2024,77,71,148,North America,ğŸ‡¸ğŸ‡»
Equatorial Guinea,2020,4,5,9,Africa,ğŸ‡¬ğŸ‡¶
Equatorial Guinea,2021,7,5,12,Africa,ğŸ‡¬ğŸ‡¶
Equatorial Guinea,2022,7,1,8,Africa,ğŸ‡¬ğŸ‡¶
Equatorial Guinea,2023,9,10,19,Africa,ğŸ‡¬ğŸ‡¶
Equatorial Guinea,2024,8,7,15,Africa,ğŸ‡¬ğŸ‡¶
Eritrea,2020,44,21,65,Africa,ğŸ‡ªğŸ‡·
Eritrea,2021,8,6,14,Africa,ğŸ‡ªğŸ‡·
Eritrea,2022,63,51,114,Africa,ğŸ‡ªğŸ‡·
Eritrea,2023,120,97,217,Africa,ğŸ‡ªğŸ‡·
Eritrea,2024,80,66,146,Africa,ğŸ‡ªğŸ‡·
Estonia,2020,713,702,1415,Europe,ğŸ‡ªğŸ‡ª
Estonia,2021,22,5,27,Europe,ğŸ‡ªğŸ‡ª
Estonia,2022,527,485,1012,Europe,ğŸ‡ªğŸ‡ª
Estonia,2023,1747,1584,3331,Europe,ğŸ‡ªğŸ‡ª
Estonia,2024,1315,1273,2588,Europe,ğŸ‡ªğŸ‡ª
Eswatini,2020,13,11,24,Africa,ğŸ‡¸ğŸ‡¿
Eswatini,2021,5,6,11,Africa,ğŸ‡¸ğŸ‡¿
Eswatini,2022,60,68,128,Africa,ğŸ‡¸ğŸ‡¿
Eswatini,2023,112,130,242,Africa,ğŸ‡¸ğŸ‡¿
Eswatini,2024,88,107,195,Africa,ğŸ‡¸ğŸ‡¿
Ethiopia,2020,69,40,109,Africa,ğŸ‡ªğŸ‡¹
Ethiopia,2021,29,22,51,Africa,ğŸ‡ªğŸ‡¹
Ethiopia,2022,201,97,298,Africa,ğŸ‡ªğŸ‡¹
Ethiopia,2023,291,181,472,Africa,ğŸ‡ªğŸ‡¹
Ethiopia,2024,205,120,325,Africa,ğŸ‡ªğŸ‡¹
Fiji,2020,210,175,385,Oceania,ğŸ‡«ğŸ‡¯
Fiji,2021,5,5,10,Oceania,ğŸ‡«ğŸ‡¯
Fiji,2022,512,416,928,Oceania,ğŸ‡«ğŸ‡¯
Fiji,2023,1378,1301,2679,Oceania,ğŸ‡«ğŸ‡¯
Fiji,2024,761,812,1573,Oceania,ğŸ‡«ğŸ‡¯
Finland,2020,3070,2683,5753,Europe,ğŸ‡«ğŸ‡®
Finland,2021,142,41,183,Europe,ğŸ‡«ğŸ‡®
Finland,2022,2878,1913,4791,Europe,ğŸ‡«ğŸ‡®
Finland,2023,5849,4297,10146,Europe,ğŸ‡«ğŸ‡®
Finland,2024,4201,3427,7628,Europe,ğŸ‡«ğŸ‡®
France,2020,20483,13456,33939,Europe,ğŸ‡«ğŸ‡·
France,2021,1361,616,1977,Europe,ğŸ‡«ğŸ‡·
France,2022,42490,27566,70056,Europe,ğŸ‡«ğŸ‡·
France,2023,82777,59051,141828,Europe,ğŸ‡«ğŸ‡·
France,2024,62851,48840,111691,Europe,ğŸ‡«ğŸ‡·
Gabon,2020,10,6,16,Africa,ğŸ‡¬ğŸ‡¦
Gabon,2021,7,1,8,Africa,ğŸ‡¬ğŸ‡¦
Gabon,2022,33,35,68,Africa,ğŸ‡¬ğŸ‡¦
Gabon,2023,87,47,134,Africa,ğŸ‡¬ğŸ‡¦
Gabon,2024,42,36,78,Africa,ğŸ‡¬ğŸ‡¦
Gambia,2020,133,41,174,Africa,ğŸ‡¬ğŸ‡²
Gambia,2021,13,6,19,Africa,ğŸ‡¬ğŸ‡²
Gambia,2022,107,57,164,Africa,ğŸ‡¬ğŸ‡²
Gambia,2023,237,79,316,Africa,ğŸ‡¬ğŸ‡²
Gambia,2024,138,61,199,Africa,ğŸ‡¬ğŸ‡²
Georgia,2020,146,49,195,Asia,ğŸ‡¬ğŸ‡ª
Georgia,2021,42,3,45,Asia,ğŸ‡¬ğŸ‡ª
Georgia,2022,272,113,385,Asia,ğŸ‡¬ğŸ‡ª
Georgia,2023,499,305,804,Asia,ğŸ‡¬ğŸ‡ª
Georgia,2024,290,290,580,Asia,ğŸ‡¬ğŸ‡ª
Germany,2020,19124,12013,31137,Europe,ğŸ‡©ğŸ‡ª
Germany,2021,1184,328,1512,Europe,ğŸ‡©ğŸ‡ª
Germany,2022,43265,25011,68276,Europe,ğŸ‡©ğŸ‡ª
Germany,2023,86904,57813,144717,Europe,ğŸ‡©ğŸ‡ª
Germany,2024,61655,44581,106236,Europe,ğŸ‡©ğŸ‡ª
Ghana,2020,130,60,190,Africa,ğŸ‡¬ğŸ‡­
Ghana,2021,63,21,84,Africa,ğŸ‡¬ğŸ‡­
Ghana,2022,336,171,507,Africa,ğŸ‡¬ğŸ‡­
Ghana,2023,757,333,1090,Africa,ğŸ‡¬ğŸ‡­
Ghana,2024,563,276,839,Africa,ğŸ‡¬ğŸ‡­
Gibraltar,2020,0,0,0,Europe,ğŸ‡¬ğŸ‡®
Gibraltar,2021,0,0,0,Europe,ğŸ‡¬ğŸ‡®
Gibraltar,2022,0,1,1,Europe,ğŸ‡¬ğŸ‡®
Gibraltar,2023,0,1,1,Europe,ğŸ‡¬ğŸ‡®
Greece,2020,714,262,976,Europe,ğŸ‡¬ğŸ‡·
Greece,2021,97,11,108,Europe,ğŸ‡¬ğŸ‡·
Greece,2022,1206,470,1676,Europe,ğŸ‡¬ğŸ‡·
Greece,2023,2964,1279,4243,Europe,ğŸ‡¬ğŸ‡·
Greece,2024,1892,977,2869,Europe,ğŸ‡¬ğŸ‡·
Greenland,2020,0,0,0,North America,ğŸ‡¬ğŸ‡±
Greenland,2021,0,0,0,North America,ğŸ‡¬ğŸ‡±
Greenland,2022,0,0,0,North America,ğŸ‡¬ğŸ‡±
Greenland,2023,1,1,2,North America,ğŸ‡¬ğŸ‡±
Greenland,2024,1,1,2,North America,ğŸ‡¬ğŸ‡±
Grenada,2020,43,17,60,North America,ğŸ‡¬ğŸ‡©
Grenada,2021,2,2,4,North America,ğŸ‡¬ğŸ‡©
Grenada,2022,97,40,137,North America,ğŸ‡¬ğŸ‡©
Grenada,2023,149,78,227,North America,ğŸ‡¬ğŸ‡©
Grenada,2024,94,38,132,North America,ğŸ‡¬ğŸ‡©
Guadeloupe,2020,1,0,1,North America,ğŸ‡¬ğŸ‡µ
Guadeloupe,2021,0,0,0,North America,ğŸ‡¬ğŸ‡µ
Guadeloupe,2022,0,0,0,North America,ğŸ‡¬ğŸ‡µ
Guadeloupe,2023,0,0,0,North America,ğŸ‡¬ğŸ‡µ
Guatemala,2020,28,18,46,North America,ğŸ‡¬ğŸ‡¹
Guatemala,2021,3,0,3,North America,ğŸ‡¬ğŸ‡¹
Guatemala,2022,62,56,118,North America,ğŸ‡¬ğŸ‡¹
Guatemala,2023,257,219,476,North America,ğŸ‡¬ğŸ‡¹
Guatemala,2024,130,85,215,North America,ğŸ‡¬ğŸ‡¹
Guinea,2020,160,31,191,Africa,ğŸ‡¬ğŸ‡³
Guinea,2021,53,41,94,Africa,ğŸ‡¬ğŸ‡³
Guinea,2022,267,98,365,Africa,ğŸ‡¬ğŸ‡³
Guinea,2023,523,197,720,Africa,ğŸ‡¬ğŸ‡³
Guinea,2024,331,125,456,Africa,ğŸ‡¬ğŸ‡³
Guinea-Bissau,2020,8,0,8,Africa,ğŸ‡¬ğŸ‡¼
Guinea-Bissau,2021,0,0,0,Africa,ğŸ‡¬ğŸ‡¼
Guinea-Bissau,2022,2,1,3,Africa,ğŸ‡¬ğŸ‡¼
Guinea-Bissau,2023,8,1,9,Africa,ğŸ‡¬ğŸ‡¼
Guinea-Bissau,2024,5,1,6,Africa,ğŸ‡¬ğŸ‡¼
Guyana,2020,11,7,18,South America,ğŸ‡¬ğŸ‡¾
Guyana,2021,0,0,0,South America,ğŸ‡¬ğŸ‡¾
Guyana,2022,19,9,28,South America,ğŸ‡¬ğŸ‡¾
Guyana,2023,49,42,91,South America,ğŸ‡¬ğŸ‡¾
Guyana,2024,43,30,73,South America,ğŸ‡¬ğŸ‡¾
Haiti,2020,12,3,15,North America,ğŸ‡­ğŸ‡¹
Haiti,2021,1,0,1,North America,ğŸ‡­ğŸ‡¹
Haiti,2022,26,20,46,North America,ğŸ‡­ğŸ‡¹
Haiti,2023,66,25,91,North America,ğŸ‡­ğŸ‡¹
Haiti,2024,71,35,106,North America,ğŸ‡­ğŸ‡¹
Heard and McDonald Islands,2020,0,0,0,Antarctica,ğŸ³ï¸
Heard and McDonald Islands,2021,0,0,0,Antarctica,ğŸ³ï¸
Heard and McDonald Islands,2022,0,0,0,Antarctica,ğŸ³ï¸
Heard and McDonald Islands,2023,0,1,1,Antarctica,ğŸ³ï¸
Honduras,2020,50,27,77,North America,ğŸ‡­ğŸ‡³
Honduras,2021,11,2,13,North America,ğŸ‡­ğŸ‡³
Honduras,2022,56,58,114,North America,ğŸ‡­ğŸ‡³
Honduras,2023,165,101,266,North America,ğŸ‡­ğŸ‡³
Honduras,2024,102,63,165,North America,ğŸ‡­ğŸ‡³
Hong Kong,2020,58,41,99,Asia,ğŸ‡­ğŸ‡°
Hong Kong,2021,147,27,174,Asia,ğŸ‡­ğŸ‡°
Hong Kong,2022,766,614,1380,Asia,ğŸ‡­ğŸ‡°
Hong Kong,2023,4845,5500,10345,Asia,ğŸ‡­ğŸ‡°
Hong Kong,2024,7071,8831,15902,Asia,ğŸ‡­ğŸ‡°
Hungary,2020,1972,1792,3764,Europe,ğŸ‡­ğŸ‡º
Hungary,2021,56,38,94,Europe,ğŸ‡­ğŸ‡º
Hungary,2022,1899,1432,3331,Europe,ğŸ‡­ğŸ‡º
Hungary,2023,4389,3627,8016,Europe,ğŸ‡­ğŸ‡º
Hungary,2024,3897,3314,7211,Europe,ğŸ‡­ğŸ‡º
Iceland,2020,154,118,272,Europe,ğŸ‡®ğŸ‡¸
Iceland,2021,3,1,4,Europe,ğŸ‡®ğŸ‡¸
Iceland,2022,155,126,281,Europe,ğŸ‡®ğŸ‡¸
Iceland,2023,308,262,570,Europe,ğŸ‡®ğŸ‡¸
Iceland,2024,194,165,359,Europe,ğŸ‡®ğŸ‡¸
India,2020,149825,51806,201631,Asia,ğŸ‡®ğŸ‡³
India,2021,10881,3604,14485,Asia,ğŸ‡®ğŸ‡³
India,2022,337571,134755,472326,Asia,ğŸ‡®ğŸ‡³
India,2023,639111,291437,930548,Asia,ğŸ‡®ğŸ‡³
India,2024,545452,295344,840796,Asia,ğŸ‡®ğŸ‡³
Indonesia,2020,411233,380998,792231,Asia,ğŸ‡®ğŸ‡©
Indonesia,2021,13069,6979,20048,Asia,ğŸ‡®ğŸ‡©
Indonesia,2022,880901,861137,1742038,Asia,ğŸ‡®ğŸ‡©
Indonesia,2023,1778240,1956581,3734821,Asia,ğŸ‡®ğŸ‡©
Indonesia,2024,1180010,1380758,2560768,Asia,ğŸ‡®ğŸ‡©
Iran,2020,5191,4246,9437,Asia,ğŸ³ï¸
Iran,2021,484,275,759,Asia,ğŸ³ï¸
Iran,2022,5647,4502,10149,Asia,ğŸ³ï¸
Iran,2023,12863,11134,23997,Asia,ğŸ³ï¸
Iran,2024,9538,8782,18320,Asia,ğŸ³ï¸
Iraq,2020,2800,1222,4022,Asia,ğŸ‡®ğŸ‡¶
Iraq,2021,479,223,702,Asia,ğŸ‡®ğŸ‡¶
Iraq,2022,4777,2292,7069,Asia,ğŸ‡®ğŸ‡¶
Iraq,2023,9238,4576,13814,Asia,ğŸ‡®ğŸ‡¶
Iraq,2024,6761,3683,10444,Asia,ğŸ‡®ğŸ‡¶
Ireland,2020,2930,1733,4663,Europe,ğŸ‡®ğŸ‡ª
Ireland,2021,163,83,246,Europe,ğŸ‡®ğŸ‡ª
Ireland,2022,6761,4299,11060,Europe,ğŸ‡®ğŸ‡ª
Ireland,2023,13314,9069,22383,Europe,ğŸ‡®ğŸ‡ª
Ireland,2024,9248,6653,15901,Europe,ğŸ‡®ğŸ‡ª
Israel,2020,0,0,0,Asia,ğŸ‡®ğŸ‡±
Israel,2021,0,0,0,Asia,ğŸ‡®ğŸ‡±
Israel,2022,5,2,7,Asia,ğŸ‡®ğŸ‡±
Israel,2023,1,1,2,Asia,ğŸ‡®ğŸ‡±
Israel,2024,7,0,7,Asia,ğŸ‡®ğŸ‡±
Italy,2020,7486,3807,11293,Europe,ğŸ‡®ğŸ‡¹
Italy,2021,560,134,694,Europe,ğŸ‡®ğŸ‡¹
Italy,2022,15708,7830,23538,Europe,ğŸ‡®ğŸ‡¹
Italy,2023,36045,22092,58137,Europe,ğŸ‡®ğŸ‡¹
Italy,2024,23193,14659,37852,Europe,ğŸ‡®ğŸ‡¹
Jamaica,2020,28,54,82,North America,ğŸ‡¯ğŸ‡²
Jamaica,2021,3,3,6,North America,ğŸ‡¯ğŸ‡²
Jamaica,2022,66,56,122,North America,ğŸ‡¯ğŸ‡²
Jamaica,2023,113,192,305,North America,ğŸ‡¯ğŸ‡²
Jamaica,2024,106,137,243,North America,ğŸ‡¯ğŸ‡²
Japan,2020,61739,37036,98775,Asia,ğŸ‡¯ğŸ‡µ
Japan,2021,4468,2349,6817,Asia,ğŸ‡¯ğŸ‡µ
Japan,2022,86179,40838,127017,Asia,ğŸ‡¯ğŸ‡µ
Japan,2023,202583,121467,324050,Asia,ğŸ‡¯ğŸ‡µ
Japan,2024,131359,86325,217684,Asia,ğŸ‡¯ğŸ‡µ
Jordan,2020,1690,931,2621,Asia,ğŸ‡¯ğŸ‡´
Jordan,2021,323,100,423,Asia,ğŸ‡¯ğŸ‡´
Jordan,2022,3350,2056,5406,Asia,ğŸ‡¯ğŸ‡´
Jordan,2023,6393,4167,10560,Asia,ğŸ‡¯ğŸ‡´
Jordan,2024,4248,2834,7082,Asia,ğŸ‡¯ğŸ‡´
Kazakhstan,2020,3328,4611,7939,Asia,ğŸ‡°ğŸ‡¿
Kazakhstan,2021,122,120,242,Asia,ğŸ‡°ğŸ‡¿
Kazakhstan,2022,1513,2056,3569,Asia,ğŸ‡°ğŸ‡¿
Kazakhstan,2023,4297,5951,10248,Asia,ğŸ‡°ğŸ‡¿
Kazakhstan,2024,8673,13203,21876,Asia,ğŸ‡°ğŸ‡¿
Kenya,2020,548,479,1027,Africa,ğŸ‡°ğŸ‡ª
Kenya,2021,157,101,258,Africa,ğŸ‡°ğŸ‡ª
Kenya,2022,1336,1261,2597,Africa,ğŸ‡°ğŸ‡ª
Kenya,2023,3112,3142,6254,Africa,ğŸ‡°ğŸ‡ª
Kenya,2024,1951,2064,4015,Africa,ğŸ‡°ğŸ‡ª
Kiribati,2020,39,1,40,Oceania,ğŸ‡°ğŸ‡®
Kiribati,2021,40,0,40,Oceania,ğŸ‡°ğŸ‡®
Kiribati,2022,3,2,5,Oceania,ğŸ‡°ğŸ‡®
Kiribati,2023,11,8,19,Oceania,ğŸ‡°ğŸ‡®
Kiribati,2024,6,9,15,Oceania,ğŸ‡°ğŸ‡®
Kuwait,2020,800,681,1481,Asia,ğŸ‡°ğŸ‡¼
Kuwait,2021,39,19,58,Asia,ğŸ‡°ğŸ‡¼
Kuwait,2022,2552,2108,4660,Asia,ğŸ‡°ğŸ‡¼
Kuwait,2023,6765,6077,12842,Asia,ğŸ‡°ğŸ‡¼
Kuwait,2024,3223,2665,5888,Asia,ğŸ‡°ğŸ‡¼
Kyrgyz Republic,2020,625,687,1312,Asia,ğŸ³ï¸
Kyrgyz Republic,2021,33,26,59,Asia,ğŸ³ï¸
Kyrgyz Republic,2022,767,636,1403,Asia,ğŸ³ï¸
Kyrgyz Republic,2023,1594,1494,3088,Asia,ğŸ³ï¸
Kyrgyz Republic,2024,1692,1856,3548,Asia,ğŸ³ï¸
Laos,2020,1771,4875,6646,Asia,ğŸ³ï¸
Laos,2021,537,17,554,Asia,ğŸ³ï¸
Laos,2022,2417,7145,9562,Asia,ğŸ³ï¸
Laos,2023,5520,18443,23963,Asia,ğŸ³ï¸
Laos,2024,4018,13110,17128,Asia,ğŸ³ï¸
Latvia,2020,450,492,942,Europe,ğŸ‡±ğŸ‡»
Latvia,2021,40,8,48,Europe,ğŸ‡±ğŸ‡»
Latvia,2022,433,423,856,Europe,ğŸ‡±ğŸ‡»
Latvia,2023,1385,1441,2826,Europe,ğŸ‡±ğŸ‡»
Latvia,2024,1098,1170,2268,Europe,ğŸ‡±ğŸ‡»
Lebanon,2020,443,196,639,Asia,ğŸ‡±ğŸ‡§
Lebanon,2021,48,25,73,Asia,ğŸ‡±ğŸ‡§
Lebanon,2022,1128,606,1734,Asia,ğŸ‡±ğŸ‡§
Lebanon,2023,2228,1288,3516,Asia,ğŸ‡±ğŸ‡§
Lebanon,2024,1591,980,2571,Asia,ğŸ‡±ğŸ‡§
Lesotho,2020,9,5,14,Africa,ğŸ‡±ğŸ‡¸
Lesotho,2021,1,1,2,Africa,ğŸ‡±ğŸ‡¸
Lesotho,2022,23,29,52,Africa,ğŸ‡±ğŸ‡¸
Lesotho,2023,25,37,62,Africa,ğŸ‡±ğŸ‡¸
Lesotho,2024,25,26,51,Africa,ğŸ‡±ğŸ‡¸
Liberia,2020,22,3,25,Africa,ğŸ‡±ğŸ‡·
Liberia,2021,18,5,23,Africa,ğŸ‡±ğŸ‡·
Liberia,2022,66,17,83,Africa,ğŸ‡±ğŸ‡·
Liberia,2023,90,18,108,Africa,ğŸ‡±ğŸ‡·
Liberia,2024,49,13,62,Africa,ğŸ‡±ğŸ‡·
Libya,2020,1362,501,1863,Africa,ğŸ‡±ğŸ‡¾
Libya,2021,465,144,609,Africa,ğŸ‡±ğŸ‡¾
Libya,2022,1818,831,2649,Africa,ğŸ‡±ğŸ‡¾
Libya,2023,3110,1286,4396,Africa,ğŸ‡±ğŸ‡¾
Libya,2024,1713,709,2422,Africa,ğŸ‡±ğŸ‡¾
Liechtenstein,2020,18,7,25,Europe,ğŸ‡±ğŸ‡®
Liechtenstein,2021,3,0,3,Europe,ğŸ‡±ğŸ‡®
Liechtenstein,2022,40,13,53,Europe,ğŸ‡±ğŸ‡®
Liechtenstein,2023,55,42,97,Europe,ğŸ‡±ğŸ‡®
Liechtenstein,2024,50,32,82,Europe,ğŸ‡±ğŸ‡®
Lithuania,2020,714,650,1364,Europe,ğŸ‡±ğŸ‡¹
Lithuania,2021,50,13,63,Europe,ğŸ‡±ğŸ‡¹
Lithuania,2022,853,752,1605,Europe,ğŸ‡±ğŸ‡¹
Lithuania,2023,2748,2898,5646,Europe,ğŸ‡±ğŸ‡¹
Lithuania,2024,2834,3151,5985,Europe,ğŸ‡±ğŸ‡¹
Luxembourg,2020,87,60,147,Europe,ğŸ‡±ğŸ‡º
Luxembourg,2021,7,3,10,Europe,ğŸ‡±ğŸ‡º
Luxembourg,2022,195,150,345,Europe,ğŸ‡±ğŸ‡º
Luxembourg,2023,535,315,850,Europe,ğŸ‡±ğŸ‡º
Luxembourg,2024,343,275,618,Europe,ğŸ‡±ğŸ‡º
Macau,2020,0,0,0,Asia,ğŸ³ï¸
Macau,2021,0,0,0,Asia,ğŸ³ï¸
Macau,2022,5,11,16,Asia,ğŸ³ï¸
Macau,2023,45,38,83,Asia,ğŸ³ï¸
Macau,2024,13,28,41,Asia,ğŸ³ï¸
Madagascar,2020,76,69,145,Africa,ğŸ‡²ğŸ‡¬
Madagascar,2021,2,1,3,Africa,ğŸ‡²ğŸ‡¬
Madagascar,2022,66,113,179,Africa,ğŸ‡²ğŸ‡¬
Madagascar,2023,510,674,1184,Africa,ğŸ‡²ğŸ‡¬
Madagascar,2024,327,433,760,Africa,ğŸ‡²ğŸ‡¬
Malawi,2020,38,29,67,Africa,ğŸ‡²ğŸ‡¼
Malawi,2021,16,15,31,Africa,ğŸ‡²ğŸ‡¼
Malawi,2022,93,81,174,Africa,ğŸ‡²ğŸ‡¼
Malawi,2023,139,118,257,Africa,ğŸ‡²ğŸ‡¼
Malawi,2024,107,75,182,Africa,ğŸ‡²ğŸ‡¼
Maldives,2020,2789,2328,5117,Asia,ğŸ‡²ğŸ‡»
Maldives,2021,405,543,948,Asia,ğŸ‡²ğŸ‡»
Maldives,2022,10320,9909,20229,Asia,ğŸ‡²ğŸ‡»
Maldives,2023,17402,15831,33233,Asia,ğŸ‡²ğŸ‡»
Maldives,2024,12231,10838,23069,Asia,ğŸ‡²ğŸ‡»
Mali,2020,26,5,31,Africa,ğŸ‡²ğŸ‡±
Mali,2021,16,3,19,Africa,ğŸ‡²ğŸ‡±
Mali,2022,45,8,53,Africa,ğŸ‡²ğŸ‡±
Mali,2023,120,38,158,Africa,ğŸ‡²ğŸ‡±
Mali,2024,68,28,96,Africa,ğŸ‡²ğŸ‡±
Malta,2020,97,39,136,Europe,ğŸ‡²ğŸ‡¹
Malta,2021,11,2,13,Europe,ğŸ‡²ğŸ‡¹
Malta,2022,260,167,427,Europe,ğŸ‡²ğŸ‡¹
Malta,2023,502,321,823,Europe,ğŸ‡²ğŸ‡¹
Malta,2024,306,208,514,Europe,ğŸ‡²ğŸ‡¹
Marshall Islands,2020,6,4,10,Oceania,ğŸ‡²ğŸ‡­
Marshall Islands,2021,2,0,2,Oceania,ğŸ‡²ğŸ‡­
Marshall Islands,2022,13,5,18,Oceania,ğŸ‡²ğŸ‡­
Marshall Islands,2023,42,13,55,Oceania,ğŸ‡²ğŸ‡­
Marshall Islands,2024,22,8,30,Oceania,ğŸ‡²ğŸ‡­
Mauritania,2020,58,14,72,Africa,ğŸ‡²ğŸ‡·
Mauritania,2021,36,6,42,Africa,ğŸ‡²ğŸ‡·
Mauritania,2022,180,36,216,Africa,ğŸ‡²ğŸ‡·
Mauritania,2023,212,48,260,Africa,ğŸ‡²ğŸ‡·
Mauritania,2024,142,42,184,Africa,ğŸ‡²ğŸ‡·
Mauritius,2020,1265,1175,2440,Africa,ğŸ‡²ğŸ‡º
Mauritius,2021,63,83,146,Africa,ğŸ‡²ğŸ‡º
Mauritius,2022,3257,3227,6484,Africa,ğŸ‡²ğŸ‡º
Mauritius,2023,11447,11080,22527,Africa,ğŸ‡²ğŸ‡º
Mauritius,2024,5967,5709,11676,Africa,ğŸ‡²ğŸ‡º
Mayotte,2020,0,1,1,Africa,ğŸ‡¾ğŸ‡¹
Mayotte,2021,0,0,0,Africa,ğŸ‡¾ğŸ‡¹
Mayotte,2022,0,0,0,Africa,ğŸ‡¾ğŸ‡¹
Mayotte,2023,0,1,1,Africa,ğŸ‡¾ğŸ‡¹
Mexico,2020,871,780,1651,North America,ğŸ‡²ğŸ‡½
Mexico,2021,85,35,120,North America,ğŸ‡²ğŸ‡½
Mexico,2022,2256,1838,4094,North America,ğŸ‡²ğŸ‡½
Mexico,2023,5321,5220,10541,North America,ğŸ‡²ğŸ‡½
Mexico,2024,3448,3522,6970,North America,ğŸ‡²ğŸ‡½
"Micronesia, Fed. Sts.",2020,2,1,3,Oceania,ğŸ³ï¸
"Micronesia, Fed. Sts.",2021,0,0,0,Oceania,ğŸ³ï¸
"Micronesia, Fed. Sts.",2022,1,1,2,Oceania,ğŸ³ï¸
"Micronesia, Fed. Sts.",2023,7,8,15,Oceania,ğŸ³ï¸
"Micronesia, Fed. Sts.",2024,5,4,9,Oceania,ğŸ³ï¸
Moldova,2020,63,77,140,Europe,ğŸ³ï¸
Moldova,2021,2,1,3,Europe,ğŸ³ï¸
Moldova,2022,99,93,192,Europe,ğŸ³ï¸
Moldova,2023,251,192,443,Europe,ğŸ³ï¸
Moldova,2024,155,190,345,Europe,ğŸ³ï¸
Monaco,2020,4,7,11,Europe,ğŸ‡²ğŸ‡¨
Monaco,2021,0,3,3,Europe,ğŸ‡²ğŸ‡¨
Monaco,2022,9,13,22,Europe,ğŸ‡²ğŸ‡¨
Monaco,2023,21,13,34,Europe,ğŸ‡²ğŸ‡¨
Monaco,2024,28,8,36,Europe,ğŸ‡²ğŸ‡¨
Mongolia,2020,563,816,1379,Asia,ğŸ‡²ğŸ‡³
Mongolia,2021,3,16,19,Asia,ğŸ‡²ğŸ‡³
Mongolia,2022,1228,1640,2868,Asia,ğŸ‡²ğŸ‡³
Mongolia,2023,2921,4113,7034,Asia,ğŸ‡²ğŸ‡³
Mongolia,2024,2426,3295,5721,Asia,ğŸ‡²ğŸ‡³
Montenegro,2020,58,20,78,Europe,ğŸ‡²ğŸ‡ª
Montenegro,2021,75,1,76,Europe,ğŸ‡²ğŸ‡ª
Montenegro,2022,77,8,85,Europe,ğŸ‡²ğŸ‡ª
Montenegro,2023,149,40,189,Europe,ğŸ‡²ğŸ‡ª
Montenegro,2024,120,46,166,Europe,ğŸ‡²ğŸ‡ª
Morocco,2020,1274,1063,2337,Africa,ğŸ‡²ğŸ‡¦
Morocco,2021,54,67,121,Africa,ğŸ‡²ğŸ‡¦
Morocco,2022,2666,2487,5153,Africa,ğŸ‡²ğŸ‡¦
Morocco,2023,6942,6615,13557,Africa,ğŸ‡²ğŸ‡¦
Morocco,2024,5536,4766,10302,Africa,ğŸ‡²ğŸ‡¦
Mozambique,2020,73,45,118,Africa,ğŸ‡²ğŸ‡¿
Mozambique,2021,31,20,51,Africa,ğŸ‡²ğŸ‡¿
Mozambique,2022,118,86,204,Africa,ğŸ‡²ğŸ‡¿
Mozambique,2023,165,172,337,Africa,ğŸ‡²ğŸ‡¿
Mozambique,2024,149,150,299,Africa,ğŸ‡²ğŸ‡¿
Myanmar,2020,24286,12523,36809,Asia,ğŸ‡²ğŸ‡²
Myanmar,2021,1452,206,1658,Asia,ğŸ‡²ğŸ‡²
Myanmar,2022,41397,33530,74927,Asia,ğŸ‡²ğŸ‡²
Myanmar,2023,80704,75991,156695,Asia,ğŸ‡²ğŸ‡²
Myanmar,2024,47817,55322,103139,Asia,ğŸ‡²ğŸ‡²
Namibia,2020,25,37,62,Africa,ğŸ‡³ğŸ‡¦
Namibia,2021,11,8,19,Africa,ğŸ‡³ğŸ‡¦
Namibia,2022,46,70,116,Africa,ğŸ‡³ğŸ‡¦
Namibia,2023,162,165,327,Africa,ğŸ‡³ğŸ‡¦
Namibia,2024,67,50,117,Africa,ğŸ‡³ğŸ‡¦
Nauru,2020,3,0,3,Oceania,ğŸ‡³ğŸ‡·
Nauru,2021,0,0,0,Oceania,ğŸ‡³ğŸ‡·
Nauru,2022,7,2,9,Oceania,ğŸ‡³ğŸ‡·
Nauru,2023,49,29,78,Oceania,ğŸ‡³ğŸ‡·
Nauru,2024,12,4,16,Oceania,ğŸ‡³ğŸ‡·
Nepal,2020,31495,2063,33558,Asia,ğŸ‡³ğŸ‡µ
Nepal,2021,1073,59,1132,Asia,ğŸ‡³ğŸ‡µ
Nepal,2022,171920,7977,179897,Asia,ğŸ‡³ğŸ‡µ
Nepal,2023,155181,10466,165647,Asia,ğŸ‡³ğŸ‡µ
Nepal,2024,66473,6428,72901,Asia,ğŸ‡³ğŸ‡µ
Netherlands,2020,10478,6567,17045,Europe,ğŸ‡³ğŸ‡±
Netherlands,2021,645,220,865,Europe,ğŸ‡³ğŸ‡±
Netherlands,2022,22798,14196,36994,Europe,ğŸ‡³ğŸ‡±
Netherlands,2023,46621,33367,79988,Europe,ğŸ‡³ğŸ‡±
Netherlands,2024,31430,23643,55073,Europe,ğŸ‡³ğŸ‡±
New Caledonia,2020,0,0,0,Oceania,ğŸ‡³ğŸ‡¨
New Caledonia,2021,0,0,0,Oceania,ğŸ‡³ğŸ‡¨
New Caledonia,2022,1,0,1,Oceania,ğŸ‡³ğŸ‡¨
New Caledonia,2023,0,0,0,Oceania,ğŸ‡³ğŸ‡¨
New Caledonia,2024,1,0,1,Oceania,ğŸ‡³ğŸ‡¨
New Zealand,2020,6483,4333,10816,Oceania,ğŸ‡³ğŸ‡¿
New Zealand,2021,212,93,305,Oceania,ğŸ‡³ğŸ‡¿
New Zealand,2022,13288,8630,21918,Oceania,ğŸ‡³ğŸ‡¿
New Zealand,2023,31073,22184,53257,Oceania,ğŸ‡³ğŸ‡¿
New Zealand,2024,19034,13835,32869,Oceania,ğŸ‡³ğŸ‡¿
Nicaragua,2020,15,12,27,North America,ğŸ‡³ğŸ‡®
Nicaragua,2021,6,2,8,North America,ğŸ‡³ğŸ‡®
Nicaragua,2022,29,33,62,North America,ğŸ‡³ğŸ‡®
Nicaragua,2023,42,40,82,North America,ğŸ‡³ğŸ‡®
Nicaragua,2024,38,40,78,North America,ğŸ‡³ğŸ‡®
Niger,2020,9,3,12,Africa,ğŸ‡³ğŸ‡ª
Niger,2021,2,0,2,Africa,ğŸ‡³ğŸ‡ª
Niger,2022,13,10,23,Africa,ğŸ‡³ğŸ‡ª
Niger,2023,24,12,36,Africa,ğŸ‡³ğŸ‡ª
Niger,2024,16,6,22,Africa,ğŸ‡³ğŸ‡ª
Nigeria,2020,1764,368,2132,Africa,ğŸ‡³ğŸ‡¬
Nigeria,2021,1122,145,1267,Africa,ğŸ‡³ğŸ‡¬
Nigeria,2022,3050,770,3820,Africa,ğŸ‡³ğŸ‡¬
Nigeria,2023,4207,1235,5442,Africa,ğŸ‡³ğŸ‡¬
Nigeria,2024,2609,683,3292,Africa,ğŸ‡³ğŸ‡¬
North Korea,2020,7,1,8,Asia,ğŸ³ï¸
North Korea,2021,1,0,1,Asia,ğŸ³ï¸
North Korea,2022,0,0,0,Asia,ğŸ³ï¸
North Korea,2023,0,0,0,Asia,ğŸ³ï¸
North Korea,2024,1,0,1,Asia,ğŸ³ï¸
North Macedonia,2020,83,46,129,Europe,ğŸ‡²ğŸ‡°
North Macedonia,2021,7,4,11,Europe,ğŸ‡²ğŸ‡°
North Macedonia,2022,117,88,205,Europe,ğŸ‡²ğŸ‡°
North Macedonia,2023,309,270,579,Europe,ğŸ‡²ğŸ‡°
North Macedonia,2024,249,237,486,Europe,ğŸ‡²ğŸ‡°
Northern Mariana Islands,2020,2,0,2,Oceania,ğŸ‡²ğŸ‡µ
Northern Mariana Islands,2021,0,0,0,Oceania,ğŸ‡²ğŸ‡µ
Northern Mariana Islands,2022,0,0,0,Oceania,ğŸ‡²ğŸ‡µ
Northern Mariana Islands,2023,0,1,1,Oceania,ğŸ‡²ğŸ‡µ
Norway,2020,2433,1739,4172,Europe,ğŸ‡³ğŸ‡´
Norway,2021,198,42,240,Europe,ğŸ‡³ğŸ‡´
Norway,2022,3780,2113,5893,Europe,ğŸ‡³ğŸ‡´
Norway,2023,7153,4851,12004,Europe,ğŸ‡³ğŸ‡´
Norway,2024,5567,4329,9896,Europe,ğŸ‡³ğŸ‡´
Oman,2020,2006,1371,3377,Asia,ğŸ‡´ğŸ‡²
Oman,2021,133,54,187,Asia,ğŸ‡´ğŸ‡²
Oman,2022,4428,2854,7282,Asia,ğŸ‡´ğŸ‡²
Oman,2023,11005,8434,19439,Asia,ğŸ‡´ğŸ‡²
Oman,2024,8120,6772,14892,Asia,ğŸ‡´ğŸ‡²
Pakistan,2020,31052,5557,36609,Asia,ğŸ‡µğŸ‡°
Pakistan,2021,4550,633,5183,Asia,ğŸ‡µğŸ‡°
Pakistan,2022,74737,13523,88260,Asia,ğŸ‡µğŸ‡°
Pakistan,2023,135400,22374,157774,Asia,ğŸ‡µğŸ‡°
Pakistan,2024,64943,15553,80496,Asia,ğŸ‡µğŸ‡°
Palau,2020,0,0,0,Oceania,ğŸ‡µğŸ‡¼
Palau,2021,0,0,0,Oceania,ğŸ‡µğŸ‡¼
Palau,2022,13,2,15,Oceania,ğŸ‡µğŸ‡¼
Palau,2023,14,10,24,Oceania,ğŸ‡µğŸ‡¼
Palau,2024,22,4,26,Oceania,ğŸ‡µğŸ‡¼
Palestine,2020,937,278,1215,Asia,ğŸ³ï¸
Palestine,2021,208,43,251,Asia,ğŸ³ï¸
Palestine,2022,1674,785,2459,Asia,ğŸ³ï¸
Palestine,2023,3026,1318,4344,Asia,ğŸ³ï¸
Palestine,2024,1697,790,2487,Asia,ğŸ³ï¸
Panama,2020,60,61,121,North America,ğŸ‡µğŸ‡¦
Panama,2021,15,6,21,North America,ğŸ‡µğŸ‡¦
Panama,2022,67,71,138,North America,ğŸ‡µğŸ‡¦
Panama,2023,200,220,420,North America,ğŸ‡µğŸ‡¦
Panama,2024,128,146,274,North America,ğŸ‡µğŸ‡¦
Papua New Guinea,2020,116,84,200,Oceania,ğŸ‡µğŸ‡¬
Papua New Guinea,2021,6,6,12,Oceania,ğŸ‡µğŸ‡¬
Papua New Guinea,2022,258,192,450,Oceania,ğŸ‡µğŸ‡¬
Papua New Guinea,2023,699,441,1140,Oceania,ğŸ‡µğŸ‡¬
Papua New Guinea,2024,403,397,800,Oceania,ğŸ‡µğŸ‡¬
Paraguay,2020,13,22,35,South America,ğŸ‡µğŸ‡¾
Paraguay,2021,0,0,0,South America,ğŸ‡µğŸ‡¾
Paraguay,2022,43,30,73,South America,ğŸ‡µğŸ‡¾
Paraguay,2023,131,95,226,South America,ğŸ‡µğŸ‡¾
Paraguay,2024,76,76,152,South America,ğŸ‡µğŸ‡¾
Peru,2020,264,244,508,South America,ğŸ‡µğŸ‡ª
Peru,2021,14,8,22,South America,ğŸ‡µğŸ‡ª
Peru,2022,481,408,889,South America,ğŸ‡µğŸ‡ª
Peru,2023,1139,1123,2262,South America,ğŸ‡µğŸ‡ª
Peru,2024,721,633,1354,South America,ğŸ‡µğŸ‡ª
Philippines,2020,38153,58858,97011,Asia,ğŸ‡µğŸ‡­
Philippines,2021,6268,1572,7840,Asia,ğŸ‡µğŸ‡­
Philippines,2022,84780,149583,234363,Asia,ğŸ‡µğŸ‡­
Philippines,2023,183005,327575,510580,Asia,ğŸ‡µğŸ‡­
Philippines,2024,125171,228117,353288,Asia,ğŸ‡µğŸ‡­
Poland,2020,4407,3979,8386,Europe,ğŸ‡µğŸ‡±
Poland,2021,307,51,358,Europe,ğŸ‡µğŸ‡±
Poland,2022,5327,4319,9646,Europe,ğŸ‡µğŸ‡±
Poland,2023,12667,11447,24114,Europe,ğŸ‡µğŸ‡±
Poland,2024,11442,10627,22069,Europe,ğŸ‡µğŸ‡±
Portugal,2020,1237,991,2228,Europe,ğŸ‡µğŸ‡¹
Portugal,2021,84,67,151,Europe,ğŸ‡µğŸ‡¹
Portugal,2022,3444,2368,5812,Europe,ğŸ‡µğŸ‡¹
Portugal,2023,6897,5223,12120,Europe,ğŸ‡µğŸ‡¹
Portugal,2024,5006,3982,8988,Europe,ğŸ‡µğŸ‡¹
Puerto Rico,2024,0,1,1,North America,ğŸ‡µğŸ‡·
Qatar,2020,166,64,230,Asia,ğŸ‡¶ğŸ‡¦
Qatar,2021,32,18,50,Asia,ğŸ‡¶ğŸ‡¦
Qatar,2022,798,578,1376,Asia,ğŸ‡¶ğŸ‡¦
Qatar,2023,1590,1135,2725,Asia,ğŸ‡¶ğŸ‡¦
Qatar,2024,1009,657,1666,Asia,ğŸ‡¶ğŸ‡¦
Reunion,2020,0,0,0,Africa,ğŸ³ï¸
Reunion,2021,0,0,0,Africa,ğŸ³ï¸
Reunion,2022,0,0,0,Africa,ğŸ³ï¸
Reunion,2023,1,1,2,Africa,ğŸ³ï¸
Romania,2020,1673,1447,3120,Europe,ğŸ‡·ğŸ‡´
Romania,2021,271,63,334,Europe,ğŸ‡·ğŸ‡´
Romania,2022,2459,1976,4435,Europe,ğŸ‡·ğŸ‡´
Romania,2023,5634,5050,10684,Europe,ğŸ‡·ğŸ‡´
Romania,2024,4239,3868,8107,Europe,ğŸ‡·ğŸ‡´
Russia,2020,15909,17765,33674,Europe,ğŸ³ï¸
Russia,2021,727,228,955,Europe,ğŸ³ï¸
Russia,2022,22232,18498,40730,Europe,ğŸ³ï¸
Russia,2023,68168,65063,133231,Europe,ğŸ³ï¸
Russia,2024,39686,42198,81884,Europe,ğŸ³ï¸
Rwanda,2020,9,10,19,Africa,ğŸ‡·ğŸ‡¼
Rwanda,2021,7,8,15,Africa,ğŸ‡·ğŸ‡¼
Rwanda,2022,31,28,59,Africa,ğŸ‡·ğŸ‡¼
Rwanda,2023,86,60,146,Africa,ğŸ‡·ğŸ‡¼
Rwanda,2024,41,31,72,Africa,ğŸ‡·ğŸ‡¼
Samoa,2020,5,4,9,Oceania,ğŸ‡¼ğŸ‡¸
Samoa,2021,0,0,0,Oceania,ğŸ‡¼ğŸ‡¸
Samoa,2022,19,13,32,Oceania,ğŸ‡¼ğŸ‡¸
Samoa,2023,24,33,57,Oceania,ğŸ‡¼ğŸ‡¸
Samoa,2024,4,13,17,Oceania,ğŸ‡¼ğŸ‡¸
San Marino,2020,6,2,8,Europe,ğŸ‡¸ğŸ‡²
San Marino,2021,1,0,1,Europe,ğŸ‡¸ğŸ‡²
San Marino,2022,7,1,8,Europe,ğŸ‡¸ğŸ‡²
San Marino,2023,22,15,37,Europe,ğŸ‡¸ğŸ‡²
San Marino,2024,22,10,32,Europe,ğŸ‡¸ğŸ‡²
Sao Tome and Principe,2020,5,5,10,Africa,ğŸ‡¸ğŸ‡¹
Sao Tome and Principe,2021,2,0,2,Africa,ğŸ‡¸ğŸ‡¹
Sao Tome and Principe,2022,5,4,9,Africa,ğŸ‡¸ğŸ‡¹
Sao Tome and Principe,2023,18,4,22,Africa,ğŸ‡¸ğŸ‡¹
Sao Tome and Principe,2024,3,4,7,Africa,ğŸ‡¸ğŸ‡¹
Saudi Arabia,2020,12992,11602,24594,Asia,ğŸ‡¸ğŸ‡¦
Saudi Arabia,2021,705,442,1147,Asia,ğŸ‡¸ğŸ‡¦
Saudi Arabia,2022,21181,17615,38796,Asia,ğŸ‡¸ğŸ‡¦
Saudi Arabia,2023,31914,25005,56919,Asia,ğŸ‡¸ğŸ‡¦
Saudi Arabia,2024,24397,19979,44376,Asia,ğŸ‡¸ğŸ‡¦
Senegal,2020,133,43,176,Africa,ğŸ‡¸ğŸ‡³
Senegal,2021,29,21,50,Africa,ğŸ‡¸ğŸ‡³
Senegal,2022,161,68,229,Africa,ğŸ‡¸ğŸ‡³
Senegal,2023,644,250,894,Africa,ğŸ‡¸ğŸ‡³
Senegal,2024,357,151,508,Africa,ğŸ‡¸ğŸ‡³
Serbia,2020,203,151,354,Europe,ğŸ‡·ğŸ‡¸
Serbia,2021,24,10,34,Europe,ğŸ‡·ğŸ‡¸
Serbia,2022,276,178,454,Europe,ğŸ‡·ğŸ‡¸
Serbia,2023,606,503,1109,Europe,ğŸ‡·ğŸ‡¸
Serbia,2024,613,621,1234,Europe,ğŸ‡·ğŸ‡¸
Seychelles,2020,135,145,280,Africa,ğŸ‡¸ğŸ‡¨
Seychelles,2021,44,59,103,Africa,ğŸ‡¸ğŸ‡¨
Seychelles,2022,210,295,505,Africa,ğŸ‡¸ğŸ‡¨
Seychelles,2023,433,642,1075,Africa,ğŸ‡¸ğŸ‡¨
Seychelles,2024,287,439,726,Africa,ğŸ‡¸ğŸ‡¨
Sierra Leone,2020,79,43,122,Africa,ğŸ‡¸ğŸ‡±
Sierra Leone,2021,13,8,21,Africa,ğŸ‡¸ğŸ‡±
Sierra Leone,2022,98,38,136,Africa,ğŸ‡¸ğŸ‡±
Sierra Leone,2023,193,102,295,Africa,ğŸ‡¸ğŸ‡±
Sierra Leone,2024,131,73,204,Africa,ğŸ‡¸ğŸ‡±
Singapore,2020,1676806,1101015,2777821,Asia,ğŸ‡¸ğŸ‡¬
Singapore,2021,10557,7135,17692,Asia,ğŸ‡¸ğŸ‡¬
Singapore,2022,4869972,3519059,8389031,Asia,ğŸ‡¸ğŸ‡¬
Singapore,2023,8433439,6452273,14885712,Asia,ğŸ‡¸ğŸ‡¬
Singapore,2024,5657116,4394790,10051906,Asia,ğŸ‡¸ğŸ‡¬
Slovakia,2020,1219,1087,2306,Europe,ğŸ‡¸ğŸ‡°
Slovakia,2021,86,24,110,Europe,ğŸ‡¸ğŸ‡°
Slovakia,2022,1217,971,2188,Europe,ğŸ‡¸ğŸ‡°
Slovakia,2023,3018,2399,5417,Europe,ğŸ‡¸ğŸ‡°
Slovakia,2024,2399,2077,4476,Europe,ğŸ‡¸ğŸ‡°
Slovenia,2020,375,287,662,Europe,ğŸ‡¸ğŸ‡®
Slovenia,2021,15,5,20,Europe,ğŸ‡¸ğŸ‡®
Slovenia,2022,387,259,646,Europe,ğŸ‡¸ğŸ‡®
Slovenia,2023,1221,1006,2227,Europe,ğŸ‡¸ğŸ‡®
Slovenia,2024,1312,1202,2514,Europe,ğŸ‡¸ğŸ‡®
Solomon Islands,2020,21,24,45,Oceania,ğŸ‡¸ğŸ‡§
Solomon Islands,2021,2,0,2,Oceania,ğŸ‡¸ğŸ‡§
Solomon Islands,2022,45,28,73,Oceania,ğŸ‡¸ğŸ‡§
Solomon Islands,2023,110,97,207,Oceania,ğŸ‡¸ğŸ‡§
Solomon Islands,2024,62,81,143,Oceania,ğŸ‡¸ğŸ‡§
Somalia,2020,555,321,876,Africa,ğŸ‡¸ğŸ‡´
Somalia,2021,300,102,402,Africa,ğŸ‡¸ğŸ‡´
Somalia,2022,1174,687,1861,Africa,ğŸ‡¸ğŸ‡´
Somalia,2023,1673,1063,2736,Africa,ğŸ‡¸ğŸ‡´
Somalia,2024,886,677,1563,Africa,ğŸ‡¸ğŸ‡´
South Africa,2020,2774,2102,4876,Africa,ğŸ‡¿ğŸ‡¦
South Africa,2021,364,125,489,Africa,ğŸ‡¿ğŸ‡¦
South Africa,2022,5950,4335,10285,Africa,ğŸ‡¿ğŸ‡¦
South Africa,2023,10980,8641,19621,Africa,ğŸ‡¿ğŸ‡¦
South Africa,2024,6493,5259,11752,Africa,ğŸ‡¿ğŸ‡¦
South Georgia and South Sandwich Is.,2020,0,0,0,South America,ğŸ³ï¸
South Georgia and South Sandwich Is.,2021,1,0,1,South America,ğŸ³ï¸
South Georgia and South Sandwich Is.,2022,4,0,4,South America,ğŸ³ï¸
South Georgia and South Sandwich Is.,2023,0,2,2,South America,ğŸ³ï¸
South Korea,2020,66951,73411,140362,Asia,ğŸ³ï¸
South Korea,2021,3546,1802,5348,Asia,ğŸ³ï¸
South Korea,2022,101747,86194,187941,Asia,ğŸ³ï¸
South Korea,2023,225397,219263,444660,Asia,ğŸ³ï¸
South Korea,2024,164212,172489,336701,Asia,ğŸ³ï¸
South Sudan,2020,44,16,60,Africa,ğŸ‡¸ğŸ‡¸
South Sudan,2021,30,8,38,Africa,ğŸ‡¸ğŸ‡¸
South Sudan,2022,195,63,258,Africa,ğŸ‡¸ğŸ‡¸
South Sudan,2023,237,152,389,Africa,ğŸ‡¸ğŸ‡¸
South Sudan,2024,150,107,257,Africa,ğŸ‡¸ğŸ‡¸
Spain,2020,4505,3107,7612,Europe,ğŸ‡ªğŸ‡¸
Spain,2021,270,114,384,Europe,ğŸ‡ªğŸ‡¸
Spain,2022,14393,10828,25221,Europe,ğŸ‡ªğŸ‡¸
Spain,2023,27130,21742,48872,Europe,ğŸ‡ªğŸ‡¸
Spain,2024,18070,14976,33046,Europe,ğŸ‡ªğŸ‡¸
Sri Lanka,2020,6873,3495,10368,Asia,ğŸ‡±ğŸ‡°
Sri Lanka,2021,511,319,830,Asia,ğŸ‡±ğŸ‡°
Sri Lanka,2022,19230,10820,30050,Asia,ğŸ‡±ğŸ‡°
Sri Lanka,2023,42562,23712,66274,Asia,ğŸ‡±ğŸ‡°
Sri Lanka,2024,22516,13896,36412,Asia,ğŸ‡±ğŸ‡°
St. Helena,2020,0,0,0,Africa,ğŸ³ï¸
St. Helena,2021,0,0,0,Africa,ğŸ³ï¸
St. Helena,2022,0,0,0,Africa,ğŸ³ï¸
St. Helena,2023,1,0,1,Africa,ğŸ³ï¸
St. Helena,2024,1,0,1,Africa,ğŸ³ï¸
St. Kitts and Nevis,2020,101,35,136,North America,ğŸ³ï¸
St. Kitts and Nevis,2021,5,1,6,North America,ğŸ³ï¸
St. Kitts and Nevis,2022,404,160,564,North America,ğŸ³ï¸
St. Kitts and Nevis,2023,825,308,1133,North America,ğŸ³ï¸
St. Kitts and Nevis,2024,430,163,593,North America,ğŸ³ï¸
St. Lucia,2020,29,5,34,North America,ğŸ³ï¸
St. Lucia,2021,3,0,3,North America,ğŸ³ï¸
St. Lucia,2022,76,21,97,North America,ğŸ³ï¸
St. Lucia,2023,171,55,226,North America,ğŸ³ï¸
St. Lucia,2024,96,48,144,North America,ğŸ³ï¸
St. Pierre and Miquelon,2024,0,1,1,North America,ğŸ³ï¸
St. Vincent and the Grenadines,2020,3,2,5,North America,ğŸ³ï¸
St. Vincent and the Grenadines,2021,0,0,0,North America,ğŸ³ï¸
St. Vincent and the Grenadines,2022,6,3,9,North America,ğŸ³ï¸
St. Vincent and the Grenadines,2023,22,21,43,North America,ğŸ³ï¸
St. Vincent and the Grenadines,2024,18,6,24,North America,ğŸ³ï¸
Sudan,2020,1919,1155,3074,Africa,ğŸ‡¸ğŸ‡©
Sudan,2021,477,215,692,Africa,ğŸ‡¸ğŸ‡©
Sudan,2022,4334,3081,7415,Africa,ğŸ‡¸ğŸ‡©
Sudan,2023,7188,5516,12704,Africa,ğŸ‡¸ğŸ‡©
Sudan,2024,4929,3688,8617,Africa,ğŸ‡¸ğŸ‡©
Suriname,2020,19,13,32,South America,ğŸ‡¸ğŸ‡·
Suriname,2021,0,0,0,South America,ğŸ‡¸ğŸ‡·
Suriname,2022,57,51,108,South America,ğŸ‡¸ğŸ‡·
Suriname,2023,201,141,342,South America,ğŸ‡¸ğŸ‡·
Suriname,2024,102,58,160,South America,ğŸ‡¸ğŸ‡·
Sweden,2020,5691,4580,10271,Europe,ğŸ‡¸ğŸ‡ª
Sweden,2021,353,80,433,Europe,ğŸ‡¸ğŸ‡ª
Sweden,2022,5914,3507,9421,Europe,ğŸ‡¸ğŸ‡ª
Sweden,2023,12209,8472,20681,Europe,ğŸ‡¸ğŸ‡ª
Sweden,2024,8114,6231,14345,Europe,ğŸ‡¸ğŸ‡ª
Switzerland,2020,3634,2409,6043,Europe,ğŸ‡¨ğŸ‡­
Switzerland,2021,193,96,289,Europe,ğŸ‡¨ğŸ‡­
Switzerland,2022,7576,4626,12202,Europe,ğŸ‡¨ğŸ‡­
Switzerland,2023,15592,11001,26593,Europe,ğŸ‡¨ğŸ‡­
Switzerland,2024,11205,8277,19482,Europe,ğŸ‡¨ğŸ‡­
Syria,2020,1613,694,2307,Asia,ğŸ³ï¸
Syria,2021,281,129,410,Asia,ğŸ³ï¸
Syria,2022,3213,2041,5254,Asia,ğŸ³ï¸
Syria,2023,5286,3005,8291,Asia,ğŸ³ï¸
Syria,2024,3297,1995,5292,Asia,ğŸ³ï¸
Taiwan,2020,32203,34657,66860,Asia,ğŸ³ï¸
Taiwan,2021,753,408,1161,Asia,ğŸ³ï¸
Taiwan,2022,29557,29360,58917,Asia,ğŸ³ï¸
Taiwan,2023,147784,166316,314100,Asia,ğŸ³ï¸
Taiwan,2024,115418,134681,250099,Asia,ğŸ³ï¸
Tajikistan,2020,239,87,326,Asia,ğŸ‡¹ğŸ‡¯
Tajikistan,2021,25,13,38,Asia,ğŸ‡¹ğŸ‡¯
Tajikistan,2022,518,218,736,Asia,ğŸ‡¹ğŸ‡¯
Tajikistan,2023,999,429,1428,Asia,ğŸ‡¹ğŸ‡¯
Tajikistan,2024,846,389,1235,Asia,ğŸ‡¹ğŸ‡¯
Tanzania,2020,327,288,615,Africa,ğŸ³ï¸
Tanzania,2021,116,98,214,Africa,ğŸ³ï¸
Tanzania,2022,588,569,1157,Africa,ğŸ³ï¸
Tanzania,2023,1386,1262,2648,Africa,ğŸ³ï¸
Tanzania,2024,785,802,1587,Africa,ğŸ³ï¸
Thailand,2020,320874,216462,537336,Asia,ğŸ‡¹ğŸ‡­
Thailand,2021,315105,4260,319365,Asia,ğŸ‡¹ğŸ‡­
Thailand,2022,733658,479976,1213634,Asia,ğŸ‡¹ğŸ‡­
Thailand,2023,1280305,1081917,2362222,Asia,ğŸ‡¹ğŸ‡­
Thailand,2024,733191,671070,1404261,Asia,ğŸ‡¹ğŸ‡­
Timor-Leste,2020,144,114,258,,ğŸ‡¹ğŸ‡±
Timor-Leste,2021,12,13,25,,ğŸ‡¹ğŸ‡±
Timor-Leste,2022,1504,806,2310,,ğŸ‡¹ğŸ‡±
Timor-Leste,2023,1482,1135,2617,,ğŸ‡¹ğŸ‡±
Timor-Leste,2024,943,846,1789,,ğŸ‡¹ğŸ‡±
Togo,2020,27,3,30,Africa,ğŸ‡¹ğŸ‡¬
Togo,2021,6,0,6,Africa,ğŸ‡¹ğŸ‡¬
Togo,2022,35,9,44,Africa,ğŸ‡¹ğŸ‡¬
Togo,2023,97,28,125,Africa,ğŸ‡¹ğŸ‡¬
Togo,2024,51,19,70,Africa,ğŸ‡¹ğŸ‡¬
Tokelau,2020,2,0,2,Oceania,ğŸ‡¹ğŸ‡°
Tokelau,2021,0,0,0,Oceania,ğŸ‡¹ğŸ‡°
Tokelau,2022,0,0,0,Oceania,ğŸ‡¹ğŸ‡°
Tokelau,2023,0,0,0,Oceania,ğŸ‡¹ğŸ‡°
Tonga,2020,15,8,23,Oceania,ğŸ‡¹ğŸ‡´
Tonga,2021,0,0,0,Oceania,ğŸ‡¹ğŸ‡´
Tonga,2022,37,41,78,Oceania,ğŸ‡¹ğŸ‡´
Tonga,2023,83,106,189,Oceania,ğŸ‡¹ğŸ‡´
Tonga,2024,83,73,156,Oceania,ğŸ‡¹ğŸ‡´
Trinidad and Tobago,2020,80,35,115,North America,ğŸ‡¹ğŸ‡¹
Trinidad and Tobago,2021,7,7,14,North America,ğŸ‡¹ğŸ‡¹
Trinidad and Tobago,2022,158,94,252,North America,ğŸ‡¹ğŸ‡¹
Trinidad and Tobago,2023,294,237,531,North America,ğŸ‡¹ğŸ‡¹
Trinidad and Tobago,2024,161,148,309,North America,ğŸ‡¹ğŸ‡¹
Tunisia,2020,492,392,884,Africa,ğŸ‡¹ğŸ‡³
Tunisia,2021,39,39,78,Africa,ğŸ‡¹ğŸ‡³
Tunisia,2022,1656,1536,3192,Africa,ğŸ‡¹ğŸ‡³
Tunisia,2023,5089,5104,10193,Africa,ğŸ‡¹ğŸ‡³
Tunisia,2024,3048,2837,5885,Africa,ğŸ‡¹ğŸ‡³
Turkmenistan,2020,215,146,361,Asia,ğŸ‡¹ğŸ‡²
Turkmenistan,2021,15,14,29,Asia,ğŸ‡¹ğŸ‡²
Turkmenistan,2022,297,212,509,Asia,ğŸ‡¹ğŸ‡²
Turkmenistan,2023,839,529,1368,Asia,ğŸ‡¹ğŸ‡²
Turkmenistan,2024,2074,1833,3907,Asia,ğŸ‡¹ğŸ‡²
Turks and Caicos Islands,2020,0,0,0,North America,ğŸ‡¹ğŸ‡¨
Turks and Caicos Islands,2021,0,0,0,North America,ğŸ‡¹ğŸ‡¨
Turks and Caicos Islands,2022,0,0,0,North America,ğŸ‡¹ğŸ‡¨
Turks and Caicos Islands,2023,0,2,2,North America,ğŸ‡¹ğŸ‡¨
Turks and Caicos Islands,2024,0,1,1,North America,ğŸ‡¹ğŸ‡¨
Tuvalu,2020,0,0,0,Oceania,ğŸ‡¹ğŸ‡»
Tuvalu,2021,0,0,0,Oceania,ğŸ‡¹ğŸ‡»
Tuvalu,2022,0,1,1,Oceania,ğŸ‡¹ğŸ‡»
Tuvalu,2023,3,1,4,Oceania,ğŸ‡¹ğŸ‡»
Tuvalu,2024,4,6,10,Oceania,ğŸ‡¹ğŸ‡»
TÃ¼rkiye,2020,2642,1136,3778,Asia,ğŸ‡¹ğŸ‡·
TÃ¼rkiye,2021,417,132,549,Asia,ğŸ‡¹ğŸ‡·
TÃ¼rkiye,2022,6518,2699,9217,Asia,ğŸ‡¹ğŸ‡·
TÃ¼rkiye,2023,14920,6755,21675,Asia,ğŸ‡¹ğŸ‡·
TÃ¼rkiye,2024,11808,6023,17831,Asia,ğŸ‡¹ğŸ‡·
Uganda,2020,160,179,339,Africa,ğŸ‡ºğŸ‡¬
Uganda,2021,31,29,60,Africa,ğŸ‡ºğŸ‡¬
Uganda,2022,352,332,684,Africa,ğŸ‡ºğŸ‡¬
Uganda,2023,759,883,1642,Africa,ğŸ‡ºğŸ‡¬
Uganda,2024,735,996,1731,Africa,ğŸ‡ºğŸ‡¬
Ukraine,2020,4136,3517,7653,Europe,ğŸ‡ºğŸ‡¦
Ukraine,2021,743,57,800,Europe,ğŸ‡ºğŸ‡¦
Ukraine,2022,2855,2577,5432,Europe,ğŸ‡ºğŸ‡¦
Ukraine,2023,6671,7058,13729,Europe,ğŸ‡ºğŸ‡¦
Ukraine,2024,4781,5487,10268,Europe,ğŸ‡ºğŸ‡¦
United Arab Emirates,2020,525,226,751,Asia,ğŸ‡¦ğŸ‡ª
United Arab Emirates,2021,86,17,103,Asia,ğŸ‡¦ğŸ‡ª
United Arab Emirates,2022,2158,1466,3624,Asia,ğŸ‡¦ğŸ‡ª
United Arab Emirates,2023,4800,3675,8475,Asia,ğŸ‡¦ğŸ‡ª
United Arab Emirates,2024,2358,1884,4242,Asia,ğŸ‡¦ğŸ‡ª
United Kingdom,2020,47338,27838,75176,Europe,ğŸ‡¬ğŸ‡§
United Kingdom,2021,3558,1449,5007,Europe,ğŸ‡¬ğŸ‡§
United Kingdom,2022,101497,62501,163998,Europe,ğŸ‡¬ğŸ‡§
United Kingdom,2023,195231,130422,325653,Europe,ğŸ‡¬ğŸ‡§
United Kingdom,2024,144307,103990,248297,Europe,ğŸ‡¬ğŸ‡§
United States,2020,32235,22221,54456,North America,ğŸ‡ºğŸ‡¸
United States,2021,2109,1156,3265,North America,ğŸ‡ºğŸ‡¸
United States,2022,76567,49969,126536,North America,ğŸ‡ºğŸ‡¸
United States,2023,155261,112079,267340,North America,ğŸ‡ºğŸ‡¸
United States,2024,106468,79994,186462,North America,ğŸ‡ºğŸ‡¸
Uruguay,2020,214,266,480,South America,ğŸ‡ºğŸ‡¾
Uruguay,2021,3,6,9,South America,ğŸ‡ºğŸ‡¾
Uruguay,2022,134,148,282,South America,ğŸ‡ºğŸ‡¾
Uruguay,2023,654,714,1368,South America,ğŸ‡ºğŸ‡¾
Uruguay,2024,308,374,682,South America,ğŸ‡ºğŸ‡¾
Uzbekistan,2020,2458,1664,4122,Asia,ğŸ‡ºğŸ‡¿
Uzbekistan,2021,135,62,197,Asia,ğŸ‡ºğŸ‡¿
Uzbekistan,2022,3756,2518,6274,Asia,ğŸ‡ºğŸ‡¿
Uzbekistan,2023,9802,6325,16127,Asia,ğŸ‡ºğŸ‡¿
Uzbekistan,2024,7414,4796,12210,Asia,ğŸ‡ºğŸ‡¿
Vanuatu,2020,190,36,226,Oceania,ğŸ‡»ğŸ‡º
Vanuatu,2021,7,2,9,Oceania,ğŸ‡»ğŸ‡º
Vanuatu,2022,387,113,500,Oceania,ğŸ‡»ğŸ‡º
Vanuatu,2023,1118,297,1415,Oceania,ğŸ‡»ğŸ‡º
Vanuatu,2024,803,153,956,Oceania,ğŸ‡»ğŸ‡º
Vatican,2020,6,0,6,,ğŸ³ï¸
Vatican,2021,5,0,5,,ğŸ³ï¸
Vatican,2022,9,1,10,,ğŸ³ï¸
Vatican,2023,5,0,5,,ğŸ³ï¸
Vatican,2024,8,1,9,,ğŸ³ï¸
Venezuela,2020,187,136,323,South America,ğŸ³ï¸
Venezuela,2021,32,5,37,South America,ğŸ³ï¸
Venezuela,2022,312,218,530,South America,ğŸ³ï¸
Venezuela,2023,680,570,1250,South America,ğŸ³ï¸
Venezuela,2024,451,393,844,South America,ğŸ³ï¸
Vietnam,2020,22926,49153,72079,Asia,ğŸ³ï¸
Vietnam,2021,445,860,1305,Asia,ğŸ³ï¸
Vietnam,2022,64565,135557,200122,Asia,ğŸ³ï¸
Vietnam,2023,135119,267026,402145,Asia,ğŸ³ï¸
Vietnam,2024,81051,166488,247539,Asia,ğŸ³ï¸
Yemen,2020,4732,1697,6429,Asia,ğŸ‡¾ğŸ‡ª
Yemen,2021,920,281,1201,Asia,ğŸ‡¾ğŸ‡ª
Yemen,2022,7835,3664,11499,Asia,ğŸ‡¾ğŸ‡ª
Yemen,2023,11439,5160,16599,Asia,ğŸ‡¾ğŸ‡ª
Yemen,2024,6567,3186,9753,Asia,ğŸ‡¾ğŸ‡ª
Zambia,2020,132,107,239,Africa,ğŸ‡¿ğŸ‡²
Zambia,2021,51,57,108,Africa,ğŸ‡¿ğŸ‡²
Zambia,2022,250,179,429,Africa,ğŸ‡¿ğŸ‡²
Zambia,2023,505,465,970,Africa,ğŸ‡¿ğŸ‡²
Zambia,2024,272,277,549,Africa,ğŸ‡¿ğŸ‡²
Zimbabwe,2020,265,209,474,Africa,ğŸ‡¿ğŸ‡¼
Zimbabwe,2021,44,54,98,Africa,ğŸ‡¿ğŸ‡¼
Zimbabwe,2022,462,575,1037,Africa,ğŸ‡¿ğŸ‡¼
Zimbabwe,2023,955,1070,2025,Africa,ğŸ‡¿ğŸ‡¼
Zimbabwe,2024,593,673,1266,Africa,ğŸ‡¿ğŸ‡¼
not found,2020,1801,1234,3035,,ğŸ³ï¸
not found,2021,112,64,176,,ğŸ³ï¸
not found,2022,2434,1605,4039,,ğŸ³ï¸
not found,2023,3989,2680,6669,,ğŸ³ï¸
not found,2024,298,193,491,,ğŸ³ï¸
